Image File,File Size (KB),Encoding Performance Gain,Decoding Performance Gain,Encoding Performance Gain (OMP),Decoding Performance Gain (OMP),Compression Ratio (CPU),Compression Ratio (GPU),Compression Ratio (CPU OMP),CPU MSE,CPU PSNR,GPU MSE,GPU PSNR,CPU MSE (OMP),CPU PSNR (OMP)
./img/01_512_Barbara.png,99.8486328125,1.375,18.3958,8.37615,8.83,2.15816,2.18412,2.1583,36.1971,32.5441,36.2683,36.1765,32.5465,32.5355
./img/Mandrill_288.png,192.82421875,1.17167,12.0417,5.57143,10.3214,8.39257,8.45691,8.39257,169.164,25.8477,169.131,168.893,25.8547,25.8486
./img/Lenna_512.png,462.7255859375,3.18246,17.7,7.62185,8.27103,11.7909,11.9975,11.7904,43.9081,31.7054,43.9344,43.6439,31.7316,31.7028
./img/Circle_2048.png,3588.125,11.7997,18.5531,11.2745,12.5198,9.37598,9.64876,9.37521,18.5749,35.4415,18.5236,18.3492,35.4946,35.4535
